Year,0,1,2,3,4,5,6,7,8,9,10,11,12,13,14,15,16,17,18,19,20,21,22,23,24,25,26,27,28,29,30,31,32,33,34,35,36,37,38,39,40,41,42,43,44,45,46,47,48,49,50,51,52,53,54,55,56,57,58,59,60,61,62,63,64,65,66,67,68,69,70,71,72,73,74,75,76,77,78,79,80,81,82,83,84,85,86,87,88,89,90,91,92,93,94,95,96,97,98,99
2015,76.48,76.26,72.38,72.38,72.38,72.38,67.49,67.49,67.49,67.49,67.49,62.57,62.57,62.57,62.57,62.57,57.67,57.67,57.67,57.67,57.67,52.8,52.8,52.8,52.8,52.8,47.96,47.96,47.96,47.96,47.96,43.14,43.14,43.14,43.14,43.14,38.35,38.35,38.35,38.35,38.35,33.61,33.61,33.61,33.61,33.61,28.94,28.94,28.94,28.94,28.94,24.41,24.41,24.41,24.41,24.41,20.07,20.07,20.07,20.07,20.07,16.08,16.08,16.08,16.08,16.08,12.53,12.53,12.53,12.53,12.53,9.59,9.59,9.59,9.59,9.59,7.27,7.27,7.27,7.27,7.27,5.39,5.39,5.39,5.39,5.39,4.07,4.07,4.07,4.07,4.07,3.16,3.16,3.16,3.16,3.16,2.67,2.67,2.67,2.67
2016,76.48,76.26,72.38,72.38,72.38,72.38,67.49,67.49,67.49,67.49,67.49,62.57,62.57,62.57,62.57,62.57,57.67,57.67,57.67,57.67,57.67,52.8,52.8,52.8,52.8,52.8,47.96,47.96,47.96,47.96,47.96,43.14,43.14,43.14,43.14,43.14,38.35,38.35,38.35,38.35,38.35,33.61,33.61,33.61,33.61,33.61,28.94,28.94,28.94,28.94,28.94,24.41,24.41,24.41,24.41,24.41,20.07,20.07,20.07,20.07,20.07,16.08,16.08,16.08,16.08,16.08,12.53,12.53,12.53,12.53,12.53,9.59,9.59,9.59,9.59,9.59,7.27,7.27,7.27,7.27,7.27,5.39,5.39,5.39,5.39,5.39,4.07,4.07,4.07,4.07,4.07,3.16,3.16,3.16,3.16,3.16,2.67,2.67,2.67,2.67
2017,76.48,76.26,72.38,72.38,72.38,72.38,67.49,67.49,67.49,67.49,67.49,62.57,62.57,62.57,62.57,62.57,57.67,57.67,57.67,57.67,57.67,52.8,52.8,52.8,52.8,52.8,47.96,47.96,47.96,47.96,47.96,43.14,43.14,43.14,43.14,43.14,38.35,38.35,38.35,38.35,38.35,33.61,33.61,33.61,33.61,33.61,28.94,28.94,28.94,28.94,28.94,24.41,24.41,24.41,24.41,24.41,20.07,20.07,20.07,20.07,20.07,16.08,16.08,16.08,16.08,16.08,12.53,12.53,12.53,12.53,12.53,9.59,9.59,9.59,9.59,9.59,7.27,7.27,7.27,7.27,7.27,5.39,5.39,5.39,5.39,5.39,4.07,4.07,4.07,4.07,4.07,3.16,3.16,3.16,3.16,3.16,2.67,2.67,2.67,2.67
2018,76.48,76.26,72.38,72.38,72.38,72.38,67.49,67.49,67.49,67.49,67.49,62.57,62.57,62.57,62.57,62.57,57.67,57.67,57.67,57.67,57.67,52.8,52.8,52.8,52.8,52.8,47.96,47.96,47.96,47.96,47.96,43.14,43.14,43.14,43.14,43.14,38.35,38.35,38.35,38.35,38.35,33.61,33.61,33.61,33.61,33.61,28.94,28.94,28.94,28.94,28.94,24.41,24.41,24.41,24.41,24.41,20.07,20.07,20.07,20.07,20.07,16.08,16.08,16.08,16.08,16.08,12.53,12.53,12.53,12.53,12.53,9.59,9.59,9.59,9.59,9.59,7.27,7.27,7.27,7.27,7.27,5.39,5.39,5.39,5.39,5.39,4.07,4.07,4.07,4.07,4.07,3.16,3.16,3.16,3.16,3.16,2.67,2.67,2.67,2.67
2019,76.48,76.26,72.38,72.38,72.38,72.38,67.49,67.49,67.49,67.49,67.49,62.57,62.57,62.57,62.57,62.57,57.67,57.67,57.67,57.67,57.67,52.8,52.8,52.8,52.8,52.8,47.96,47.96,47.96,47.96,47.96,43.14,43.14,43.14,43.14,43.14,38.35,38.35,38.35,38.35,38.35,33.61,33.61,33.61,33.61,33.61,28.94,28.94,28.94,28.94,28.94,24.41,24.41,24.41,24.41,24.41,20.07,20.07,20.07,20.07,20.07,16.08,16.08,16.08,16.08,16.08,12.53,12.53,12.53,12.53,12.53,9.59,9.59,9.59,9.59,9.59,7.27,7.27,7.27,7.27,7.27,5.39,5.39,5.39,5.39,5.39,4.07,4.07,4.07,4.07,4.07,3.16,3.16,3.16,3.16,3.16,2.67,2.67,2.67,2.67
2020,77.28,76.96,73.07,73.07,73.07,73.07,68.16,68.16,68.16,68.16,68.16,63.23,63.23,63.23,63.23,63.23,58.33,58.33,58.33,58.33,58.33,53.45,53.45,53.45,53.45,53.45,48.6,48.6,48.6,48.6,48.6,43.77,43.77,43.77,43.77,43.77,38.97,38.97,38.97,38.97,38.97,34.21,34.21,34.21,34.21,34.21,29.53,29.53,29.53,29.53,29.53,24.98,24.98,24.98,24.98,24.98,20.61,20.61,20.61,20.61,20.61,16.57,16.57,16.57,16.57,16.57,12.96,12.96,12.96,12.96,12.96,9.94,9.94,9.94,9.94,9.94,7.51,7.51,7.51,7.51,7.51,5.56,5.56,5.56,5.56,5.56,4.18,4.18,4.18,4.18,4.18,3.22,3.22,3.22,3.22,3.22,2.67,2.67,2.67,2.67
2021,77.28,76.96,73.07,73.07,73.07,73.07,68.16,68.16,68.16,68.16,68.16,63.23,63.23,63.23,63.23,63.23,58.33,58.33,58.33,58.33,58.33,53.45,53.45,53.45,53.45,53.45,48.6,48.6,48.6,48.6,48.6,43.77,43.77,43.77,43.77,43.77,38.97,38.97,38.97,38.97,38.97,34.21,34.21,34.21,34.21,34.21,29.53,29.53,29.53,29.53,29.53,24.98,24.98,24.98,24.98,24.98,20.61,20.61,20.61,20.61,20.61,16.57,16.57,16.57,16.57,16.57,12.96,12.96,12.96,12.96,12.96,9.94,9.94,9.94,9.94,9.94,7.51,7.51,7.51,7.51,7.51,5.56,5.56,5.56,5.56,5.56,4.18,4.18,4.18,4.18,4.18,3.22,3.22,3.22,3.22,3.22,2.67,2.67,2.67,2.67
2022,77.28,76.96,73.07,73.07,73.07,73.07,68.16,68.16,68.16,68.16,68.16,63.23,63.23,63.23,63.23,63.23,58.33,58.33,58.33,58.33,58.33,53.45,53.45,53.45,53.45,53.45,48.6,48.6,48.6,48.6,48.6,43.77,43.77,43.77,43.77,43.77,38.97,38.97,38.97,38.97,38.97,34.21,34.21,34.21,34.21,34.21,29.53,29.53,29.53,29.53,29.53,24.98,24.98,24.98,24.98,24.98,20.61,20.61,20.61,20.61,20.61,16.57,16.57,16.57,16.57,16.57,12.96,12.96,12.96,12.96,12.96,9.94,9.94,9.94,9.94,9.94,7.51,7.51,7.51,7.51,7.51,5.56,5.56,5.56,5.56,5.56,4.18,4.18,4.18,4.18,4.18,3.22,3.22,3.22,3.22,3.22,2.67,2.67,2.67,2.67
2023,77.28,76.96,73.07,73.07,73.07,73.07,68.16,68.16,68.16,68.16,68.16,63.23,63.23,63.23,63.23,63.23,58.33,58.33,58.33,58.33,58.33,53.45,53.45,53.45,53.45,53.45,48.6,48.6,48.6,48.6,48.6,43.77,43.77,43.77,43.77,43.77,38.97,38.97,38.97,38.97,38.97,34.21,34.21,34.21,34.21,34.21,29.53,29.53,29.53,29.53,29.53,24.98,24.98,24.98,24.98,24.98,20.61,20.61,20.61,20.61,20.61,16.57,16.57,16.57,16.57,16.57,12.96,12.96,12.96,12.96,12.96,9.94,9.94,9.94,9.94,9.94,7.51,7.51,7.51,7.51,7.51,5.56,5.56,5.56,5.56,5.56,4.18,4.18,4.18,4.18,4.18,3.22,3.22,3.22,3.22,3.22,2.67,2.67,2.67,2.67
2024,77.28,76.96,73.07,73.07,73.07,73.07,68.16,68.16,68.16,68.16,68.16,63.23,63.23,63.23,63.23,63.23,58.33,58.33,58.33,58.33,58.33,53.45,53.45,53.45,53.45,53.45,48.6,48.6,48.6,48.6,48.6,43.77,43.77,43.77,43.77,43.77,38.97,38.97,38.97,38.97,38.97,34.21,34.21,34.21,34.21,34.21,29.53,29.53,29.53,29.53,29.53,24.98,24.98,24.98,24.98,24.98,20.61,20.61,20.61,20.61,20.61,16.57,16.57,16.57,16.57,16.57,12.96,12.96,12.96,12.96,12.96,9.94,9.94,9.94,9.94,9.94,7.51,7.51,7.51,7.51,7.51,5.56,5.56,5.56,5.56,5.56,4.18,4.18,4.18,4.18,4.18,3.22,3.22,3.22,3.22,3.22,2.67,2.67,2.67,2.67
2025,78.06,77.65,73.75,73.75,73.75,73.75,68.84,68.84,68.84,68.84,68.84,63.9,63.9,63.9,63.9,63.9,58.99,58.99,58.99,58.99,58.99,54.1,54.1,54.1,54.1,54.1,49.24,49.24,49.24,49.24,49.24,44.41,44.41,44.41,44.41,44.41,39.59,39.59,39.59,39.59,39.59,34.82,34.82,34.82,34.82,34.82,30.12,30.12,30.12,30.12,30.12,25.55,25.55,25.55,25.55,25.55,21.15,21.15,21.15,21.15,21.15,17.07,17.07,17.07,17.07,17.07,13.39,13.39,13.39,13.39,13.39,10.29,10.29,10.29,10.29,10.29,7.77,7.77,7.77,7.77,7.77,5.73,5.73,5.73,5.73,5.73,4.28,4.28,4.28,4.28,4.28,3.27,3.27,3.27,3.27,3.27,2.68,2.68,2.68,2.68
2026,78.06,77.65,73.75,73.75,73.75,73.75,68.84,68.84,68.84,68.84,68.84,63.9,63.9,63.9,63.9,63.9,58.99,58.99,58.99,58.99,58.99,54.1,54.1,54.1,54.1,54.1,49.24,49.24,49.24,49.24,49.24,44.41,44.41,44.41,44.41,44.41,39.59,39.59,39.59,39.59,39.59,34.82,34.82,34.82,34.82,34.82,30.12,30.12,30.12,30.12,30.12,25.55,25.55,25.55,25.55,25.55,21.15,21.15,21.15,21.15,21.15,17.07,17.07,17.07,17.07,17.07,13.39,13.39,13.39,13.39,13.39,10.29,10.29,10.29,10.29,10.29,7.77,7.77,7.77,7.77,7.77,5.73,5.73,5.73,5.73,5.73,4.28,4.28,4.28,4.28,4.28,3.27,3.27,3.27,3.27,3.27,2.68,2.68,2.68,2.68
2027,78.06,77.65,73.75,73.75,73.75,73.75,68.84,68.84,68.84,68.84,68.84,63.9,63.9,63.9,63.9,63.9,58.99,58.99,58.99,58.99,58.99,54.1,54.1,54.1,54.1,54.1,49.24,49.24,49.24,49.24,49.24,44.41,44.41,44.41,44.41,44.41,39.59,39.59,39.59,39.59,39.59,34.82,34.82,34.82,34.82,34.82,30.12,30.12,30.12,30.12,30.12,25.55,25.55,25.55,25.55,25.55,21.15,21.15,21.15,21.15,21.15,17.07,17.07,17.07,17.07,17.07,13.39,13.39,13.39,13.39,13.39,10.29,10.29,10.29,10.29,10.29,7.77,7.77,7.77,7.77,7.77,5.73,5.73,5.73,5.73,5.73,4.28,4.28,4.28,4.28,4.28,3.27,3.27,3.27,3.27,3.27,2.68,2.68,2.68,2.68
2028,78.06,77.65,73.75,73.75,73.75,73.75,68.84,68.84,68.84,68.84,68.84,63.9,63.9,63.9,63.9,63.9,58.99,58.99,58.99,58.99,58.99,54.1,54.1,54.1,54.1,54.1,49.24,49.24,49.24,49.24,49.24,44.41,44.41,44.41,44.41,44.41,39.59,39.59,39.59,39.59,39.59,34.82,34.82,34.82,34.82,34.82,30.12,30.12,30.12,30.12,30.12,25.55,25.55,25.55,25.55,25.55,21.15,21.15,21.15,21.15,21.15,17.07,17.07,17.07,17.07,17.07,13.39,13.39,13.39,13.39,13.39,10.29,10.29,10.29,10.29,10.29,7.77,7.77,7.77,7.77,7.77,5.73,5.73,5.73,5.73,5.73,4.28,4.28,4.28,4.28,4.28,3.27,3.27,3.27,3.27,3.27,2.68,2.68,2.68,2.68
2029,78.06,77.65,73.75,73.75,73.75,73.75,68.84,68.84,68.84,68.84,68.84,63.9,63.9,63.9,63.9,63.9,58.99,58.99,58.99,58.99,58.99,54.1,54.1,54.1,54.1,54.1,49.24,49.24,49.24,49.24,49.24,44.41,44.41,44.41,44.41,44.41,39.59,39.59,39.59,39.59,39.59,34.82,34.82,34.82,34.82,34.82,30.12,30.12,30.12,30.12,30.12,25.55,25.55,25.55,25.55,25.55,21.15,21.15,21.15,21.15,21.15,17.07,17.07,17.07,17.07,17.07,13.39,13.39,13.39,13.39,13.39,10.29,10.29,10.29,10.29,10.29,7.77,7.77,7.77,7.77,7.77,5.73,5.73,5.73,5.73,5.73,4.28,4.28,4.28,4.28,4.28,3.27,3.27,3.27,3.27,3.27,2.68,2.68,2.68,2.68
2030,78.83,78.36,74.45,74.45,74.45,74.45,69.52,69.52,69.52,69.52,69.52,64.58,64.58,64.58,64.58,64.58,59.66,59.66,59.66,59.66,59.66,54.77,54.77,54.77,54.77,54.77,49.9,49.9,49.9,49.9,49.9,45.05,45.05,45.05,45.05,45.05,40.23,40.23,40.23,40.23,40.23,35.45,35.45,35.45,35.45,35.45,30.74,30.74,30.74,30.74,30.74,26.14,26.14,26.14,26.14,26.14,21.71,21.71,21.71,21.71,21.71,17.58,17.58,17.58,17.58,17.58,13.85,13.85,13.85,13.85,13.85,10.66,10.66,10.66,10.66,10.66,8.05,8.05,8.05,8.05,8.05,5.93,5.93,5.93,5.93,5.93,4.41,4.41,4.41,4.41,4.41,3.34,3.34,3.34,3.34,3.34,2.7,2.7,2.7,2.7
2031,78.83,78.36,74.45,74.45,74.45,74.45,69.52,69.52,69.52,69.52,69.52,64.58,64.58,64.58,64.58,64.58,59.66,59.66,59.66,59.66,59.66,54.77,54.77,54.77,54.77,54.77,49.9,49.9,49.9,49.9,49.9,45.05,45.05,45.05,45.05,45.05,40.23,40.23,40.23,40.23,40.23,35.45,35.45,35.45,35.45,35.45,30.74,30.74,30.74,30.74,30.74,26.14,26.14,26.14,26.14,26.14,21.71,21.71,21.71,21.71,21.71,17.58,17.58,17.58,17.58,17.58,13.85,13.85,13.85,13.85,13.85,10.66,10.66,10.66,10.66,10.66,8.05,8.05,8.05,8.05,8.05,5.93,5.93,5.93,5.93,5.93,4.41,4.41,4.41,4.41,4.41,3.34,3.34,3.34,3.34,3.34,2.7,2.7,2.7,2.7
2032,78.83,78.36,74.45,74.45,74.45,74.45,69.52,69.52,69.52,69.52,69.52,64.58,64.58,64.58,64.58,64.58,59.66,59.66,59.66,59.66,59.66,54.77,54.77,54.77,54.77,54.77,49.9,49.9,49.9,49.9,49.9,45.05,45.05,45.05,45.05,45.05,40.23,40.23,40.23,40.23,40.23,35.45,35.45,35.45,35.45,35.45,30.74,30.74,30.74,30.74,30.74,26.14,26.14,26.14,26.14,26.14,21.71,21.71,21.71,21.71,21.71,17.58,17.58,17.58,17.58,17.58,13.85,13.85,13.85,13.85,13.85,10.66,10.66,10.66,10.66,10.66,8.05,8.05,8.05,8.05,8.05,5.93,5.93,5.93,5.93,5.93,4.41,4.41,4.41,4.41,4.41,3.34,3.34,3.34,3.34,3.34,2.7,2.7,2.7,2.7
2033,78.83,78.36,74.45,74.45,74.45,74.45,69.52,69.52,69.52,69.52,69.52,64.58,64.58,64.58,64.58,64.58,59.66,59.66,59.66,59.66,59.66,54.77,54.77,54.77,54.77,54.77,49.9,49.9,49.9,49.9,49.9,45.05,45.05,45.05,45.05,45.05,40.23,40.23,40.23,40.23,40.23,35.45,35.45,35.45,35.45,35.45,30.74,30.74,30.74,30.74,30.74,26.14,26.14,26.14,26.14,26.14,21.71,21.71,21.71,21.71,21.71,17.58,17.58,17.58,17.58,17.58,13.85,13.85,13.85,13.85,13.85,10.66,10.66,10.66,10.66,10.66,8.05,8.05,8.05,8.05,8.05,5.93,5.93,5.93,5.93,5.93,4.41,4.41,4.41,4.41,4.41,3.34,3.34,3.34,3.34,3.34,2.7,2.7,2.7,2.7
2034,78.83,78.36,74.45,74.45,74.45,74.45,69.52,69.52,69.52,69.52,69.52,64.58,64.58,64.58,64.58,64.58,59.66,59.66,59.66,59.66,59.66,54.77,54.77,54.77,54.77,54.77,49.9,49.9,49.9,49.9,49.9,45.05,45.05,45.05,45.05,45.05,40.23,40.23,40.23,40.23,40.23,35.45,35.45,35.45,35.45,35.45,30.74,30.74,30.74,30.74,30.74,26.14,26.14,26.14,26.14,26.14,21.71,21.71,21.71,21.71,21.71,17.58,17.58,17.58,17.58,17.58,13.85,13.85,13.85,13.85,13.85,10.66,10.66,10.66,10.66,10.66,8.05,8.05,8.05,8.05,8.05,5.93,5.93,5.93,5.93,5.93,4.41,4.41,4.41,4.41,4.41,3.34,3.34,3.34,3.34,3.34,2.7,2.7,2.7,2.7
2035,79.58,79.06,75.14,75.14,75.14,75.14,70.2,70.2,70.2,70.2,70.2,65.26,65.26,65.26,65.26,65.26,60.33,60.33,60.33,60.33,60.33,55.43,55.43,55.43,55.43,55.43,50.55,50.55,50.55,50.55,50.55,45.7,45.7,45.7,45.7,45.7,40.86,40.86,40.86,40.86,40.86,36.08,36.08,36.08,36.08,36.08,31.35,31.35,31.35,31.35,31.35,26.74,26.74,26.74,26.74,26.74,22.28,22.28,22.28,22.28,22.28,18.11,18.11,18.11,18.11,18.11,14.31,14.31,14.31,14.31,14.31,11.04,11.04,11.04,11.04,11.04,8.34,8.34,8.34,8.34,8.34,6.14,6.14,6.14,6.14,6.14,4.54,4.54,4.54,4.54,4.54,3.41,3.41,3.41,3.41,3.41,2.73,2.73,2.73,2.73
2036,79.58,79.06,75.14,75.14,75.14,75.14,70.2,70.2,70.2,70.2,70.2,65.26,65.26,65.26,65.26,65.26,60.33,60.33,60.33,60.33,60.33,55.43,55.43,55.43,55.43,55.43,50.55,50.55,50.55,50.55,50.55,45.7,45.7,45.7,45.7,45.7,40.86,40.86,40.86,40.86,40.86,36.08,36.08,36.08,36.08,36.08,31.35,31.35,31.35,31.35,31.35,26.74,26.74,26.74,26.74,26.74,22.28,22.28,22.28,22.28,22.28,18.11,18.11,18.11,18.11,18.11,14.31,14.31,14.31,14.31,14.31,11.04,11.04,11.04,11.04,11.04,8.34,8.34,8.34,8.34,8.34,6.14,6.14,6.14,6.14,6.14,4.54,4.54,4.54,4.54,4.54,3.41,3.41,3.41,3.41,3.41,2.73,2.73,2.73,2.73
2037,79.58,79.06,75.14,75.14,75.14,75.14,70.2,70.2,70.2,70.2,70.2,65.26,65.26,65.26,65.26,65.26,60.33,60.33,60.33,60.33,60.33,55.43,55.43,55.43,55.43,55.43,50.55,50.55,50.55,50.55,50.55,45.7,45.7,45.7,45.7,45.7,40.86,40.86,40.86,40.86,40.86,36.08,36.08,36.08,36.08,36.08,31.35,31.35,31.35,31.35,31.35,26.74,26.74,26.74,26.74,26.74,22.28,22.28,22.28,22.28,22.28,18.11,18.11,18.11,18.11,18.11,14.31,14.31,14.31,14.31,14.31,11.04,11.04,11.04,11.04,11.04,8.34,8.34,8.34,8.34,8.34,6.14,6.14,6.14,6.14,6.14,4.54,4.54,4.54,4.54,4.54,3.41,3.41,3.41,3.41,3.41,2.73,2.73,2.73,2.73
2038,79.58,79.06,75.14,75.14,75.14,75.14,70.2,70.2,70.2,70.2,70.2,65.26,65.26,65.26,65.26,65.26,60.33,60.33,60.33,60.33,60.33,55.43,55.43,55.43,55.43,55.43,50.55,50.55,50.55,50.55,50.55,45.7,45.7,45.7,45.7,45.7,40.86,40.86,40.86,40.86,40.86,36.08,36.08,36.08,36.08,36.08,31.35,31.35,31.35,31.35,31.35,26.74,26.74,26.74,26.74,26.74,22.28,22.28,22.28,22.28,22.28,18.11,18.11,18.11,18.11,18.11,14.31,14.31,14.31,14.31,14.31,11.04,11.04,11.04,11.04,11.04,8.34,8.34,8.34,8.34,8.34,6.14,6.14,6.14,6.14,6.14,4.54,4.54,4.54,4.54,4.54,3.41,3.41,3.41,3.41,3.41,2.73,2.73,2.73,2.73
2039,79.58,79.06,75.14,75.14,75.14,75.14,70.2,70.2,70.2,70.2,70.2,65.26,65.26,65.26,65.26,65.26,60.33,60.33,60.33,60.33,60.33,55.43,55.43,55.43,55.43,55.43,50.55,50.55,50.55,50.55,50.55,45.7,45.7,45.7,45.7,45.7,40.86,40.86,40.86,40.86,40.86,36.08,36.08,36.08,36.08,36.08,31.35,31.35,31.35,31.35,31.35,26.74,26.74,26.74,26.74,26.74,22.28,22.28,22.28,22.28,22.28,18.11,18.11,18.11,18.11,18.11,14.31,14.31,14.31,14.31,14.31,11.04,11.04,11.04,11.04,11.04,8.34,8.34,8.34,8.34,8.34,6.14,6.14,6.14,6.14,6.14,4.54,4.54,4.54,4.54,4.54,3.41,3.41,3.41,3.41,3.41,2.73,2.73,2.73,2.73
2040,80.34,79.76,75.83,75.83,75.83,75.83,70.9,70.9,70.9,70.9,70.9,65.94,65.94,65.94,65.94,65.94,61.01,61.01,61.01,61.01,61.01,56.1,56.1,56.1,56.1,56.1,51.22,51.22,51.22,51.22,51.22,46.36,46.36,46.36,46.36,46.36,41.51,41.51,41.51,41.51,41.51,36.72,36.72,36.72,36.72,36.72,31.98,31.98,31.98,31.98,31.98,27.35,27.35,27.35,27.35,27.35,22.87,22.87,22.87,22.87,22.87,18.65,18.65,18.65,18.65,18.65,14.78,14.78,14.78,14.78,14.78,11.43,11.43,11.43,11.43,11.43,8.64,8.64,8.64,8.64,8.64,6.35,6.35,6.35,6.35,6.35,4.68,4.68,4.68,4.68,4.68,3.5,3.5,3.5,3.5,3.5,2.75,2.75,2.75,2.75
2041,80.34,79.76,75.83,75.83,75.83,75.83,70.9,70.9,70.9,70.9,70.9,65.94,65.94,65.94,65.94,65.94,61.01,61.01,61.01,61.01,61.01,56.1,56.1,56.1,56.1,56.1,51.22,51.22,51.22,51.22,51.22,46.36,46.36,46.36,46.36,46.36,41.51,41.51,41.51,41.51,41.51,36.72,36.72,36.72,36.72,36.72,31.98,31.98,31.98,31.98,31.98,27.35,27.35,27.35,27.35,27.35,22.87,22.87,22.87,22.87,22.87,18.65,18.65,18.65,18.65,18.65,14.78,14.78,14.78,14.78,14.78,11.43,11.43,11.43,11.43,11.43,8.64,8.64,8.64,8.64,8.64,6.35,6.35,6.35,6.35,6.35,4.68,4.68,4.68,4.68,4.68,3.5,3.5,3.5,3.5,3.5,2.75,2.75,2.75,2.75
2042,80.34,79.76,75.83,75.83,75.83,75.83,70.9,70.9,70.9,70.9,70.9,65.94,65.94,65.94,65.94,65.94,61.01,61.01,61.01,61.01,61.01,56.1,56.1,56.1,56.1,56.1,51.22,51.22,51.22,51.22,51.22,46.36,46.36,46.36,46.36,46.36,41.51,41.51,41.51,41.51,41.51,36.72,36.72,36.72,36.72,36.72,31.98,31.98,31.98,31.98,31.98,27.35,27.35,27.35,27.35,27.35,22.87,22.87,22.87,22.87,22.87,18.65,18.65,18.65,18.65,18.65,14.78,14.78,14.78,14.78,14.78,11.43,11.43,11.43,11.43,11.43,8.64,8.64,8.64,8.64,8.64,6.35,6.35,6.35,6.35,6.35,4.68,4.68,4.68,4.68,4.68,3.5,3.5,3.5,3.5,3.5,2.75,2.75,2.75,2.75
2043,80.34,79.76,75.83,75.83,75.83,75.83,70.9,70.9,70.9,70.9,70.9,65.94,65.94,65.94,65.94,65.94,61.01,61.01,61.01,61.01,61.01,56.1,56.1,56.1,56.1,56.1,51.22,51.22,51.22,51.22,51.22,46.36,46.36,46.36,46.36,46.36,41.51,41.51,41.51,41.51,41.51,36.72,36.72,36.72,36.72,36.72,31.98,31.98,31.98,31.98,31.98,27.35,27.35,27.35,27.35,27.35,22.87,22.87,22.87,22.87,22.87,18.65,18.65,18.65,18.65,18.65,14.78,14.78,14.78,14.78,14.78,11.43,11.43,11.43,11.43,11.43,8.64,8.64,8.64,8.64,8.64,6.35,6.35,6.35,6.35,6.35,4.68,4.68,4.68,4.68,4.68,3.5,3.5,3.5,3.5,3.5,2.75,2.75,2.75,2.75
2044,80.34,79.76,75.83,75.83,75.83,75.83,70.9,70.9,70.9,70.9,70.9,65.94,65.94,65.94,65.94,65.94,61.01,61.01,61.01,61.01,61.01,56.1,56.1,56.1,56.1,56.1,51.22,51.22,51.22,51.22,51.22,46.36,46.36,46.36,46.36,46.36,41.51,41.51,41.51,41.51,41.51,36.72,36.72,36.72,36.72,36.72,31.98,31.98,31.98,31.98,31.98,27.35,27.35,27.35,27.35,27.35,22.87,22.87,22.87,22.87,22.87,18.65,18.65,18.65,18.65,18.65,14.78,14.78,14.78,14.78,14.78,11.43,11.43,11.43,11.43,11.43,8.64,8.64,8.64,8.64,8.64,6.35,6.35,6.35,6.35,6.35,4.68,4.68,4.68,4.68,4.68,3.5,3.5,3.5,3.5,3.5,2.75,2.75,2.75,2.75
2045,81.07,80.46,76.53,76.53,76.53,76.53,71.59,71.59,71.59,71.59,71.59,66.63,66.63,66.63,66.63,66.63,61.69,61.69,61.69,61.69,61.69,56.78,56.78,56.78,56.78,56.78,51.89,51.89,51.89,51.89,51.89,47.01,47.01,47.01,47.01,47.01,42.16,42.16,42.16,42.16,42.16,37.35,37.35,37.35,37.35,37.35,32.61,32.61,32.61,32.61,32.61,27.96,27.96,27.96,27.96,27.96,23.45,23.45,23.45,23.45,23.45,19.19,19.19,19.19,19.19,19.19,15.26,15.26,15.26,15.26,15.26,11.83,11.83,11.83,11.83,11.83,8.94,8.94,8.94,8.94,8.94,6.56,6.56,6.56,6.56,6.56,4.82,4.82,4.82,4.82,4.82,3.58,3.58,3.58,3.58,3.58,2.78,2.78,2.78,2.78
2046,81.07,80.46,76.53,76.53,76.53,76.53,71.59,71.59,71.59,71.59,71.59,66.63,66.63,66.63,66.63,66.63,61.69,61.69,61.69,61.69,61.69,56.78,56.78,56.78,56.78,56.78,51.89,51.89,51.89,51.89,51.89,47.01,47.01,47.01,47.01,47.01,42.16,42.16,42.16,42.16,42.16,37.35,37.35,37.35,37.35,37.35,32.61,32.61,32.61,32.61,32.61,27.96,27.96,27.96,27.96,27.96,23.45,23.45,23.45,23.45,23.45,19.19,19.19,19.19,19.19,19.19,15.26,15.26,15.26,15.26,15.26,11.83,11.83,11.83,11.83,11.83,8.94,8.94,8.94,8.94,8.94,6.56,6.56,6.56,6.56,6.56,4.82,4.82,4.82,4.82,4.82,3.58,3.58,3.58,3.58,3.58,2.78,2.78,2.78,2.78
2047,81.07,80.46,76.53,76.53,76.53,76.53,71.59,71.59,71.59,71.59,71.59,66.63,66.63,66.63,66.63,66.63,61.69,61.69,61.69,61.69,61.69,56.78,56.78,56.78,56.78,56.78,51.89,51.89,51.89,51.89,51.89,47.01,47.01,47.01,47.01,47.01,42.16,42.16,42.16,42.16,42.16,37.35,37.35,37.35,37.35,37.35,32.61,32.61,32.61,32.61,32.61,27.96,27.96,27.96,27.96,27.96,23.45,23.45,23.45,23.45,23.45,19.19,19.19,19.19,19.19,19.19,15.26,15.26,15.26,15.26,15.26,11.83,11.83,11.83,11.83,11.83,8.94,8.94,8.94,8.94,8.94,6.56,6.56,6.56,6.56,6.56,4.82,4.82,4.82,4.82,4.82,3.58,3.58,3.58,3.58,3.58,2.78,2.78,2.78,2.78
2048,81.07,80.46,76.53,76.53,76.53,76.53,71.59,71.59,71.59,71.59,71.59,66.63,66.63,66.63,66.63,66.63,61.69,61.69,61.69,61.69,61.69,56.78,56.78,56.78,56.78,56.78,51.89,51.89,51.89,51.89,51.89,47.01,47.01,47.01,47.01,47.01,42.16,42.16,42.16,42.16,42.16,37.35,37.35,37.35,37.35,37.35,32.61,32.61,32.61,32.61,32.61,27.96,27.96,27.96,27.96,27.96,23.45,23.45,23.45,23.45,23.45,19.19,19.19,19.19,19.19,19.19,15.26,15.26,15.26,15.26,15.26,11.83,11.83,11.83,11.83,11.83,8.94,8.94,8.94,8.94,8.94,6.56,6.56,6.56,6.56,6.56,4.82,4.82,4.82,4.82,4.82,3.58,3.58,3.58,3.58,3.58,2.78,2.78,2.78,2.78
2049,81.07,80.46,76.53,76.53,76.53,76.53,71.59,71.59,71.59,71.59,71.59,66.63,66.63,66.63,66.63,66.63,61.69,61.69,61.69,61.69,61.69,56.78,56.78,56.78,56.78,56.78,51.89,51.89,51.89,51.89,51.89,47.01,47.01,47.01,47.01,47.01,42.16,42.16,42.16,42.16,42.16,37.35,37.35,37.35,37.35,37.35,32.61,32.61,32.61,32.61,32.61,27.96,27.96,27.96,27.96,27.96,23.45,23.45,23.45,23.45,23.45,19.19,19.19,19.19,19.19,19.19,15.26,15.26,15.26,15.26,15.26,11.83,11.83,11.83,11.83,11.83,8.94,8.94,8.94,8.94,8.94,6.56,6.56,6.56,6.56,6.56,4.82,4.82,4.82,4.82,4.82,3.58,3.58,3.58,3.58,3.58,2.78,2.78,2.78,2.78
2050,81.81,81.16,77.23,77.23,77.23,77.23,72.28,72.28,72.28,72.28,72.28,67.32,67.32,67.32,67.32,67.32,62.38,62.38,62.38,62.38,62.38,57.46,57.46,57.46,57.46,57.46,52.56,52.56,52.56,52.56,52.56,47.68,47.68,47.68,47.68,47.68,42.82,42.82,42.82,42.82,42.82,38,38,38,38,38,33.25,33.25,33.25,33.25,33.25,28.59,28.59,28.59,28.59,28.59,24.05,24.05,24.05,24.05,24.05,19.74,19.74,19.74,19.74,19.74,15.75,15.75,15.75,15.75,15.75,12.24,12.24,12.24,12.24,12.24,9.26,9.26,9.26,9.26,9.26,6.79,6.79,6.79,6.79,6.79,4.97,4.97,4.97,4.97,4.97,3.67,3.67,3.67,3.67,3.67,2.82,2.82,2.82,2.82
2051,81.81,81.16,77.23,77.23,77.23,77.23,72.28,72.28,72.28,72.28,72.28,67.32,67.32,67.32,67.32,67.32,62.38,62.38,62.38,62.38,62.38,57.46,57.46,57.46,57.46,57.46,52.56,52.56,52.56,52.56,52.56,47.68,47.68,47.68,47.68,47.68,42.82,42.82,42.82,42.82,42.82,38,38,38,38,38,33.25,33.25,33.25,33.25,33.25,28.59,28.59,28.59,28.59,28.59,24.05,24.05,24.05,24.05,24.05,19.74,19.74,19.74,19.74,19.74,15.75,15.75,15.75,15.75,15.75,12.24,12.24,12.24,12.24,12.24,9.26,9.26,9.26,9.26,9.26,6.79,6.79,6.79,6.79,6.79,4.97,4.97,4.97,4.97,4.97,3.67,3.67,3.67,3.67,3.67,2.82,2.82,2.82,2.82
2052,81.81,81.16,77.23,77.23,77.23,77.23,72.28,72.28,72.28,72.28,72.28,67.32,67.32,67.32,67.32,67.32,62.38,62.38,62.38,62.38,62.38,57.46,57.46,57.46,57.46,57.46,52.56,52.56,52.56,52.56,52.56,47.68,47.68,47.68,47.68,47.68,42.82,42.82,42.82,42.82,42.82,38,38,38,38,38,33.25,33.25,33.25,33.25,33.25,28.59,28.59,28.59,28.59,28.59,24.05,24.05,24.05,24.05,24.05,19.74,19.74,19.74,19.74,19.74,15.75,15.75,15.75,15.75,15.75,12.24,12.24,12.24,12.24,12.24,9.26,9.26,9.26,9.26,9.26,6.79,6.79,6.79,6.79,6.79,4.97,4.97,4.97,4.97,4.97,3.67,3.67,3.67,3.67,3.67,2.82,2.82,2.82,2.82
2053,81.81,81.16,77.23,77.23,77.23,77.23,72.28,72.28,72.28,72.28,72.28,67.32,67.32,67.32,67.32,67.32,62.38,62.38,62.38,62.38,62.38,57.46,57.46,57.46,57.46,57.46,52.56,52.56,52.56,52.56,52.56,47.68,47.68,47.68,47.68,47.68,42.82,42.82,42.82,42.82,42.82,38,38,38,38,38,33.25,33.25,33.25,33.25,33.25,28.59,28.59,28.59,28.59,28.59,24.05,24.05,24.05,24.05,24.05,19.74,19.74,19.74,19.74,19.74,15.75,15.75,15.75,15.75,15.75,12.24,12.24,12.24,12.24,12.24,9.26,9.26,9.26,9.26,9.26,6.79,6.79,6.79,6.79,6.79,4.97,4.97,4.97,4.97,4.97,3.67,3.67,3.67,3.67,3.67,2.82,2.82,2.82,2.82
2054,81.81,81.16,77.23,77.23,77.23,77.23,72.28,72.28,72.28,72.28,72.28,67.32,67.32,67.32,67.32,67.32,62.38,62.38,62.38,62.38,62.38,57.46,57.46,57.46,57.46,57.46,52.56,52.56,52.56,52.56,52.56,47.68,47.68,47.68,47.68,47.68,42.82,42.82,42.82,42.82,42.82,38,38,38,38,38,33.25,33.25,33.25,33.25,33.25,28.59,28.59,28.59,28.59,28.59,24.05,24.05,24.05,24.05,24.05,19.74,19.74,19.74,19.74,19.74,15.75,15.75,15.75,15.75,15.75,12.24,12.24,12.24,12.24,12.24,9.26,9.26,9.26,9.26,9.26,6.79,6.79,6.79,6.79,6.79,4.97,4.97,4.97,4.97,4.97,3.67,3.67,3.67,3.67,3.67,2.82,2.82,2.82,2.82
2055,82.55,81.88,77.94,77.94,77.94,77.94,72.99,72.99,72.99,72.99,72.99,68.02,68.02,68.02,68.02,68.02,63.08,63.08,63.08,63.08,63.08,58.15,58.15,58.15,58.15,58.15,53.24,53.24,53.24,53.24,53.24,48.36,48.36,48.36,48.36,48.36,43.49,43.49,43.49,43.49,43.49,38.67,38.67,38.67,38.67,38.67,33.9,33.9,33.9,33.9,33.9,29.22,29.22,29.22,29.22,29.22,24.65,24.65,24.65,24.65,24.65,20.3,20.3,20.3,20.3,20.3,16.26,16.26,16.26,16.26,16.26,12.66,12.66,12.66,12.66,12.66,9.58,9.58,9.58,9.58,9.58,7.03,7.03,7.03,7.03,7.03,5.12,5.12,5.12,5.12,5.12,3.76,3.76,3.76,3.76,3.76,2.85,2.85,2.85,2.85
2056,82.55,81.88,77.94,77.94,77.94,77.94,72.99,72.99,72.99,72.99,72.99,68.02,68.02,68.02,68.02,68.02,63.08,63.08,63.08,63.08,63.08,58.15,58.15,58.15,58.15,58.15,53.24,53.24,53.24,53.24,53.24,48.36,48.36,48.36,48.36,48.36,43.49,43.49,43.49,43.49,43.49,38.67,38.67,38.67,38.67,38.67,33.9,33.9,33.9,33.9,33.9,29.22,29.22,29.22,29.22,29.22,24.65,24.65,24.65,24.65,24.65,20.3,20.3,20.3,20.3,20.3,16.26,16.26,16.26,16.26,16.26,12.66,12.66,12.66,12.66,12.66,9.58,9.58,9.58,9.58,9.58,7.03,7.03,7.03,7.03,7.03,5.12,5.12,5.12,5.12,5.12,3.76,3.76,3.76,3.76,3.76,2.85,2.85,2.85,2.85
2057,82.55,81.88,77.94,77.94,77.94,77.94,72.99,72.99,72.99,72.99,72.99,68.02,68.02,68.02,68.02,68.02,63.08,63.08,63.08,63.08,63.08,58.15,58.15,58.15,58.15,58.15,53.24,53.24,53.24,53.24,53.24,48.36,48.36,48.36,48.36,48.36,43.49,43.49,43.49,43.49,43.49,38.67,38.67,38.67,38.67,38.67,33.9,33.9,33.9,33.9,33.9,29.22,29.22,29.22,29.22,29.22,24.65,24.65,24.65,24.65,24.65,20.3,20.3,20.3,20.3,20.3,16.26,16.26,16.26,16.26,16.26,12.66,12.66,12.66,12.66,12.66,9.58,9.58,9.58,9.58,9.58,7.03,7.03,7.03,7.03,7.03,5.12,5.12,5.12,5.12,5.12,3.76,3.76,3.76,3.76,3.76,2.85,2.85,2.85,2.85
2058,82.55,81.88,77.94,77.94,77.94,77.94,72.99,72.99,72.99,72.99,72.99,68.02,68.02,68.02,68.02,68.02,63.08,63.08,63.08,63.08,63.08,58.15,58.15,58.15,58.15,58.15,53.24,53.24,53.24,53.24,53.24,48.36,48.36,48.36,48.36,48.36,43.49,43.49,43.49,43.49,43.49,38.67,38.67,38.67,38.67,38.67,33.9,33.9,33.9,33.9,33.9,29.22,29.22,29.22,29.22,29.22,24.65,24.65,24.65,24.65,24.65,20.3,20.3,20.3,20.3,20.3,16.26,16.26,16.26,16.26,16.26,12.66,12.66,12.66,12.66,12.66,9.58,9.58,9.58,9.58,9.58,7.03,7.03,7.03,7.03,7.03,5.12,5.12,5.12,5.12,5.12,3.76,3.76,3.76,3.76,3.76,2.85,2.85,2.85,2.85
2059,82.55,81.88,77.94,77.94,77.94,77.94,72.99,72.99,72.99,72.99,72.99,68.02,68.02,68.02,68.02,68.02,63.08,63.08,63.08,63.08,63.08,58.15,58.15,58.15,58.15,58.15,53.24,53.24,53.24,53.24,53.24,48.36,48.36,48.36,48.36,48.36,43.49,43.49,43.49,43.49,43.49,38.67,38.67,38.67,38.67,38.67,33.9,33.9,33.9,33.9,33.9,29.22,29.22,29.22,29.22,29.22,24.65,24.65,24.65,24.65,24.65,20.3,20.3,20.3,20.3,20.3,16.26,16.26,16.26,16.26,16.26,12.66,12.66,12.66,12.66,12.66,9.58,9.58,9.58,9.58,9.58,7.03,7.03,7.03,7.03,7.03,5.12,5.12,5.12,5.12,5.12,3.76,3.76,3.76,3.76,3.76,2.85,2.85,2.85,2.85
2060,83.27,82.58,78.63,78.63,78.63,78.63,73.68,73.68,73.68,73.68,73.68,68.71,68.71,68.71,68.71,68.71,63.76,63.76,63.76,63.76,63.76,58.83,58.83,58.83,58.83,58.83,53.92,53.92,53.92,53.92,53.92,49.03,49.03,49.03,49.03,49.03,44.15,44.15,44.15,44.15,44.15,39.32,39.32,39.32,39.32,39.32,34.54,34.54,34.54,34.54,34.54,29.85,29.85,29.85,29.85,29.85,25.25,25.25,25.25,25.25,25.25,20.86,20.86,20.86,20.86,20.86,16.75,16.75,16.75,16.75,16.75,13.08,13.08,13.08,13.08,13.08,9.91,9.91,9.91,9.91,9.91,7.27,7.27,7.27,7.27,7.27,5.28,5.28,5.28,5.28,5.28,3.85,3.85,3.85,3.85,3.85,2.89,2.89,2.89,2.89
2061,83.27,82.58,78.63,78.63,78.63,78.63,73.68,73.68,73.68,73.68,73.68,68.71,68.71,68.71,68.71,68.71,63.76,63.76,63.76,63.76,63.76,58.83,58.83,58.83,58.83,58.83,53.92,53.92,53.92,53.92,53.92,49.03,49.03,49.03,49.03,49.03,44.15,44.15,44.15,44.15,44.15,39.32,39.32,39.32,39.32,39.32,34.54,34.54,34.54,34.54,34.54,29.85,29.85,29.85,29.85,29.85,25.25,25.25,25.25,25.25,25.25,20.86,20.86,20.86,20.86,20.86,16.75,16.75,16.75,16.75,16.75,13.08,13.08,13.08,13.08,13.08,9.91,9.91,9.91,9.91,9.91,7.27,7.27,7.27,7.27,7.27,5.28,5.28,5.28,5.28,5.28,3.85,3.85,3.85,3.85,3.85,2.89,2.89,2.89,2.89
2062,83.27,82.58,78.63,78.63,78.63,78.63,73.68,73.68,73.68,73.68,73.68,68.71,68.71,68.71,68.71,68.71,63.76,63.76,63.76,63.76,63.76,58.83,58.83,58.83,58.83,58.83,53.92,53.92,53.92,53.92,53.92,49.03,49.03,49.03,49.03,49.03,44.15,44.15,44.15,44.15,44.15,39.32,39.32,39.32,39.32,39.32,34.54,34.54,34.54,34.54,34.54,29.85,29.85,29.85,29.85,29.85,25.25,25.25,25.25,25.25,25.25,20.86,20.86,20.86,20.86,20.86,16.75,16.75,16.75,16.75,16.75,13.08,13.08,13.08,13.08,13.08,9.91,9.91,9.91,9.91,9.91,7.27,7.27,7.27,7.27,7.27,5.28,5.28,5.28,5.28,5.28,3.85,3.85,3.85,3.85,3.85,2.89,2.89,2.89,2.89
2063,83.27,82.58,78.63,78.63,78.63,78.63,73.68,73.68,73.68,73.68,73.68,68.71,68.71,68.71,68.71,68.71,63.76,63.76,63.76,63.76,63.76,58.83,58.83,58.83,58.83,58.83,53.92,53.92,53.92,53.92,53.92,49.03,49.03,49.03,49.03,49.03,44.15,44.15,44.15,44.15,44.15,39.32,39.32,39.32,39.32,39.32,34.54,34.54,34.54,34.54,34.54,29.85,29.85,29.85,29.85,29.85,25.25,25.25,25.25,25.25,25.25,20.86,20.86,20.86,20.86,20.86,16.75,16.75,16.75,16.75,16.75,13.08,13.08,13.08,13.08,13.08,9.91,9.91,9.91,9.91,9.91,7.27,7.27,7.27,7.27,7.27,5.28,5.28,5.28,5.28,5.28,3.85,3.85,3.85,3.85,3.85,2.89,2.89,2.89,2.89
2064,83.27,82.58,78.63,78.63,78.63,78.63,73.68,73.68,73.68,73.68,73.68,68.71,68.71,68.71,68.71,68.71,63.76,63.76,63.76,63.76,63.76,58.83,58.83,58.83,58.83,58.83,53.92,53.92,53.92,53.92,53.92,49.03,49.03,49.03,49.03,49.03,44.15,44.15,44.15,44.15,44.15,39.32,39.32,39.32,39.32,39.32,34.54,34.54,34.54,34.54,34.54,29.85,29.85,29.85,29.85,29.85,25.25,25.25,25.25,25.25,25.25,20.86,20.86,20.86,20.86,20.86,16.75,16.75,16.75,16.75,16.75,13.08,13.08,13.08,13.08,13.08,9.91,9.91,9.91,9.91,9.91,7.27,7.27,7.27,7.27,7.27,5.28,5.28,5.28,5.28,5.28,3.85,3.85,3.85,3.85,3.85,2.89,2.89,2.89,2.89
2065,83.96,83.25,79.3,79.3,79.3,79.3,74.34,74.34,74.34,74.34,74.34,69.37,69.37,69.37,69.37,69.37,64.42,64.42,64.42,64.42,64.42,59.48,59.48,59.48,59.48,59.48,54.57,54.57,54.57,54.57,54.57,49.66,49.66,49.66,49.66,49.66,44.78,44.78,44.78,44.78,44.78,39.94,39.94,39.94,39.94,39.94,35.15,35.15,35.15,35.15,35.15,30.44,30.44,30.44,30.44,30.44,25.82,25.82,25.82,25.82,25.82,21.39,21.39,21.39,21.39,21.39,17.23,17.23,17.23,17.23,17.23,13.49,13.49,13.49,13.49,13.49,10.23,10.23,10.23,10.23,10.23,7.51,7.51,7.51,7.51,7.51,5.44,5.44,5.44,5.44,5.44,3.94,3.94,3.94,3.94,3.94,2.92,2.92,2.92,2.92
2066,83.96,83.25,79.3,79.3,79.3,79.3,74.34,74.34,74.34,74.34,74.34,69.37,69.37,69.37,69.37,69.37,64.42,64.42,64.42,64.42,64.42,59.48,59.48,59.48,59.48,59.48,54.57,54.57,54.57,54.57,54.57,49.66,49.66,49.66,49.66,49.66,44.78,44.78,44.78,44.78,44.78,39.94,39.94,39.94,39.94,39.94,35.15,35.15,35.15,35.15,35.15,30.44,30.44,30.44,30.44,30.44,25.82,25.82,25.82,25.82,25.82,21.39,21.39,21.39,21.39,21.39,17.23,17.23,17.23,17.23,17.23,13.49,13.49,13.49,13.49,13.49,10.23,10.23,10.23,10.23,10.23,7.51,7.51,7.51,7.51,7.51,5.44,5.44,5.44,5.44,5.44,3.94,3.94,3.94,3.94,3.94,2.92,2.92,2.92,2.92
2067,83.96,83.25,79.3,79.3,79.3,79.3,74.34,74.34,74.34,74.34,74.34,69.37,69.37,69.37,69.37,69.37,64.42,64.42,64.42,64.42,64.42,59.48,59.48,59.48,59.48,59.48,54.57,54.57,54.57,54.57,54.57,49.66,49.66,49.66,49.66,49.66,44.78,44.78,44.78,44.78,44.78,39.94,39.94,39.94,39.94,39.94,35.15,35.15,35.15,35.15,35.15,30.44,30.44,30.44,30.44,30.44,25.82,25.82,25.82,25.82,25.82,21.39,21.39,21.39,21.39,21.39,17.23,17.23,17.23,17.23,17.23,13.49,13.49,13.49,13.49,13.49,10.23,10.23,10.23,10.23,10.23,7.51,7.51,7.51,7.51,7.51,5.44,5.44,5.44,5.44,5.44,3.94,3.94,3.94,3.94,3.94,2.92,2.92,2.92,2.92
2068,83.96,83.25,79.3,79.3,79.3,79.3,74.34,74.34,74.34,74.34,74.34,69.37,69.37,69.37,69.37,69.37,64.42,64.42,64.42,64.42,64.42,59.48,59.48,59.48,59.48,59.48,54.57,54.57,54.57,54.57,54.57,49.66,49.66,49.66,49.66,49.66,44.78,44.78,44.78,44.78,44.78,39.94,39.94,39.94,39.94,39.94,35.15,35.15,35.15,35.15,35.15,30.44,30.44,30.44,30.44,30.44,25.82,25.82,25.82,25.82,25.82,21.39,21.39,21.39,21.39,21.39,17.23,17.23,17.23,17.23,17.23,13.49,13.49,13.49,13.49,13.49,10.23,10.23,10.23,10.23,10.23,7.51,7.51,7.51,7.51,7.51,5.44,5.44,5.44,5.44,5.44,3.94,3.94,3.94,3.94,3.94,2.92,2.92,2.92,2.92
2069,83.96,83.25,79.3,79.3,79.3,79.3,74.34,74.34,74.34,74.34,74.34,69.37,69.37,69.37,69.37,69.37,64.42,64.42,64.42,64.42,64.42,59.48,59.48,59.48,59.48,59.48,54.57,54.57,54.57,54.57,54.57,49.66,49.66,49.66,49.66,49.66,44.78,44.78,44.78,44.78,44.78,39.94,39.94,39.94,39.94,39.94,35.15,35.15,35.15,35.15,35.15,30.44,30.44,30.44,30.44,30.44,25.82,25.82,25.82,25.82,25.82,21.39,21.39,21.39,21.39,21.39,17.23,17.23,17.23,17.23,17.23,13.49,13.49,13.49,13.49,13.49,10.23,10.23,10.23,10.23,10.23,7.51,7.51,7.51,7.51,7.51,5.44,5.44,5.44,5.44,5.44,3.94,3.94,3.94,3.94,3.94,2.92,2.92,2.92,2.92
2070,84.61,83.88,79.93,79.93,79.93,79.93,74.97,74.97,74.97,74.97,74.97,69.99,69.99,69.99,69.99,69.99,65.04,65.04,65.04,65.04,65.04,60.1,60.1,60.1,60.1,60.1,55.18,55.18,55.18,55.18,55.18,50.27,50.27,50.27,50.27,50.27,45.38,45.38,45.38,45.38,45.38,40.53,40.53,40.53,40.53,40.53,35.73,35.73,35.73,35.73,35.73,31.01,31.01,31.01,31.01,31.01,26.37,26.37,26.37,26.37,26.37,21.9,21.9,21.9,21.9,21.9,17.69,17.69,17.69,17.69,17.69,13.88,13.88,13.88,13.88,13.88,10.54,10.54,10.54,10.54,10.54,7.74,7.74,7.74,7.74,7.74,5.6,5.6,5.6,5.6,5.6,4.04,4.04,4.04,4.04,4.04,2.96,2.96,2.96,2.96
2071,84.61,83.88,79.93,79.93,79.93,79.93,74.97,74.97,74.97,74.97,74.97,69.99,69.99,69.99,69.99,69.99,65.04,65.04,65.04,65.04,65.04,60.1,60.1,60.1,60.1,60.1,55.18,55.18,55.18,55.18,55.18,50.27,50.27,50.27,50.27,50.27,45.38,45.38,45.38,45.38,45.38,40.53,40.53,40.53,40.53,40.53,35.73,35.73,35.73,35.73,35.73,31.01,31.01,31.01,31.01,31.01,26.37,26.37,26.37,26.37,26.37,21.9,21.9,21.9,21.9,21.9,17.69,17.69,17.69,17.69,17.69,13.88,13.88,13.88,13.88,13.88,10.54,10.54,10.54,10.54,10.54,7.74,7.74,7.74,7.74,7.74,5.6,5.6,5.6,5.6,5.6,4.04,4.04,4.04,4.04,4.04,2.96,2.96,2.96,2.96
2072,84.61,83.88,79.93,79.93,79.93,79.93,74.97,74.97,74.97,74.97,74.97,69.99,69.99,69.99,69.99,69.99,65.04,65.04,65.04,65.04,65.04,60.1,60.1,60.1,60.1,60.1,55.18,55.18,55.18,55.18,55.18,50.27,50.27,50.27,50.27,50.27,45.38,45.38,45.38,45.38,45.38,40.53,40.53,40.53,40.53,40.53,35.73,35.73,35.73,35.73,35.73,31.01,31.01,31.01,31.01,31.01,26.37,26.37,26.37,26.37,26.37,21.9,21.9,21.9,21.9,21.9,17.69,17.69,17.69,17.69,17.69,13.88,13.88,13.88,13.88,13.88,10.54,10.54,10.54,10.54,10.54,7.74,7.74,7.74,7.74,7.74,5.6,5.6,5.6,5.6,5.6,4.04,4.04,4.04,4.04,4.04,2.96,2.96,2.96,2.96
2073,84.61,83.88,79.93,79.93,79.93,79.93,74.97,74.97,74.97,74.97,74.97,69.99,69.99,69.99,69.99,69.99,65.04,65.04,65.04,65.04,65.04,60.1,60.1,60.1,60.1,60.1,55.18,55.18,55.18,55.18,55.18,50.27,50.27,50.27,50.27,50.27,45.38,45.38,45.38,45.38,45.38,40.53,40.53,40.53,40.53,40.53,35.73,35.73,35.73,35.73,35.73,31.01,31.01,31.01,31.01,31.01,26.37,26.37,26.37,26.37,26.37,21.9,21.9,21.9,21.9,21.9,17.69,17.69,17.69,17.69,17.69,13.88,13.88,13.88,13.88,13.88,10.54,10.54,10.54,10.54,10.54,7.74,7.74,7.74,7.74,7.74,5.6,5.6,5.6,5.6,5.6,4.04,4.04,4.04,4.04,4.04,2.96,2.96,2.96,2.96
2074,84.61,83.88,79.93,79.93,79.93,79.93,74.97,74.97,74.97,74.97,74.97,69.99,69.99,69.99,69.99,69.99,65.04,65.04,65.04,65.04,65.04,60.1,60.1,60.1,60.1,60.1,55.18,55.18,55.18,55.18,55.18,50.27,50.27,50.27,50.27,50.27,45.38,45.38,45.38,45.38,45.38,40.53,40.53,40.53,40.53,40.53,35.73,35.73,35.73,35.73,35.73,31.01,31.01,31.01,31.01,31.01,26.37,26.37,26.37,26.37,26.37,21.9,21.9,21.9,21.9,21.9,17.69,17.69,17.69,17.69,17.69,13.88,13.88,13.88,13.88,13.88,10.54,10.54,10.54,10.54,10.54,7.74,7.74,7.74,7.74,7.74,5.6,5.6,5.6,5.6,5.6,4.04,4.04,4.04,4.04,4.04,2.96,2.96,2.96,2.96
2075,85.21,84.47,80.52,80.52,80.52,80.52,75.55,75.55,75.55,75.55,75.55,70.58,70.58,70.58,70.58,70.58,65.62,65.62,65.62,65.62,65.62,60.68,60.68,60.68,60.68,60.68,55.75,55.75,55.75,55.75,55.75,50.84,50.84,50.84,50.84,50.84,45.94,45.94,45.94,45.94,45.94,41.08,41.08,41.08,41.08,41.08,36.27,36.27,36.27,36.27,36.27,31.54,31.54,31.54,31.54,31.54,26.87,26.87,26.87,26.87,26.87,22.37,22.37,22.37,22.37,22.37,18.12,18.12,18.12,18.12,18.12,14.25,14.25,14.25,14.25,14.25,10.84,10.84,10.84,10.84,10.84,7.96,7.96,7.96,7.96,7.96,5.75,5.75,5.75,5.75,5.75,4.13,4.13,4.13,4.13,4.13,3,3,3,3
2076,85.21,84.47,80.52,80.52,80.52,80.52,75.55,75.55,75.55,75.55,75.55,70.58,70.58,70.58,70.58,70.58,65.62,65.62,65.62,65.62,65.62,60.68,60.68,60.68,60.68,60.68,55.75,55.75,55.75,55.75,55.75,50.84,50.84,50.84,50.84,50.84,45.94,45.94,45.94,45.94,45.94,41.08,41.08,41.08,41.08,41.08,36.27,36.27,36.27,36.27,36.27,31.54,31.54,31.54,31.54,31.54,26.87,26.87,26.87,26.87,26.87,22.37,22.37,22.37,22.37,22.37,18.12,18.12,18.12,18.12,18.12,14.25,14.25,14.25,14.25,14.25,10.84,10.84,10.84,10.84,10.84,7.96,7.96,7.96,7.96,7.96,5.75,5.75,5.75,5.75,5.75,4.13,4.13,4.13,4.13,4.13,3,3,3,3
2077,85.21,84.47,80.52,80.52,80.52,80.52,75.55,75.55,75.55,75.55,75.55,70.58,70.58,70.58,70.58,70.58,65.62,65.62,65.62,65.62,65.62,60.68,60.68,60.68,60.68,60.68,55.75,55.75,55.75,55.75,55.75,50.84,50.84,50.84,50.84,50.84,45.94,45.94,45.94,45.94,45.94,41.08,41.08,41.08,41.08,41.08,36.27,36.27,36.27,36.27,36.27,31.54,31.54,31.54,31.54,31.54,26.87,26.87,26.87,26.87,26.87,22.37,22.37,22.37,22.37,22.37,18.12,18.12,18.12,18.12,18.12,14.25,14.25,14.25,14.25,14.25,10.84,10.84,10.84,10.84,10.84,7.96,7.96,7.96,7.96,7.96,5.75,5.75,5.75,5.75,5.75,4.13,4.13,4.13,4.13,4.13,3,3,3,3
2078,85.21,84.47,80.52,80.52,80.52,80.52,75.55,75.55,75.55,75.55,75.55,70.58,70.58,70.58,70.58,70.58,65.62,65.62,65.62,65.62,65.62,60.68,60.68,60.68,60.68,60.68,55.75,55.75,55.75,55.75,55.75,50.84,50.84,50.84,50.84,50.84,45.94,45.94,45.94,45.94,45.94,41.08,41.08,41.08,41.08,41.08,36.27,36.27,36.27,36.27,36.27,31.54,31.54,31.54,31.54,31.54,26.87,26.87,26.87,26.87,26.87,22.37,22.37,22.37,22.37,22.37,18.12,18.12,18.12,18.12,18.12,14.25,14.25,14.25,14.25,14.25,10.84,10.84,10.84,10.84,10.84,7.96,7.96,7.96,7.96,7.96,5.75,5.75,5.75,5.75,5.75,4.13,4.13,4.13,4.13,4.13,3,3,3,3
2079,85.21,84.47,80.52,80.52,80.52,80.52,75.55,75.55,75.55,75.55,75.55,70.58,70.58,70.58,70.58,70.58,65.62,65.62,65.62,65.62,65.62,60.68,60.68,60.68,60.68,60.68,55.75,55.75,55.75,55.75,55.75,50.84,50.84,50.84,50.84,50.84,45.94,45.94,45.94,45.94,45.94,41.08,41.08,41.08,41.08,41.08,36.27,36.27,36.27,36.27,36.27,31.54,31.54,31.54,31.54,31.54,26.87,26.87,26.87,26.87,26.87,22.37,22.37,22.37,22.37,22.37,18.12,18.12,18.12,18.12,18.12,14.25,14.25,14.25,14.25,14.25,10.84,10.84,10.84,10.84,10.84,7.96,7.96,7.96,7.96,7.96,5.75,5.75,5.75,5.75,5.75,4.13,4.13,4.13,4.13,4.13,3,3,3,3
2080,85.79,85.03,81.08,81.08,81.08,81.08,76.11,76.11,76.11,76.11,76.11,71.13,71.13,71.13,71.13,71.13,66.17,66.17,66.17,66.17,66.17,61.23,61.23,61.23,61.23,61.23,56.29,56.29,56.29,56.29,56.29,51.38,51.38,51.38,51.38,51.38,46.47,46.47,46.47,46.47,46.47,41.6,41.6,41.6,41.6,41.6,36.78,36.78,36.78,36.78,36.78,32.03,32.03,32.03,32.03,32.03,27.35,27.35,27.35,27.35,27.35,22.82,22.82,22.82,22.82,22.82,18.53,18.53,18.53,18.53,18.53,14.6,14.6,14.6,14.6,14.6,11.13,11.13,11.13,11.13,11.13,8.18,8.18,8.18,8.18,8.18,5.9,5.9,5.9,5.9,5.9,4.22,4.22,4.22,4.22,4.22,3.04,3.04,3.04,3.04
2081,85.79,85.03,81.08,81.08,81.08,81.08,76.11,76.11,76.11,76.11,76.11,71.13,71.13,71.13,71.13,71.13,66.17,66.17,66.17,66.17,66.17,61.23,61.23,61.23,61.23,61.23,56.29,56.29,56.29,56.29,56.29,51.38,51.38,51.38,51.38,51.38,46.47,46.47,46.47,46.47,46.47,41.6,41.6,41.6,41.6,41.6,36.78,36.78,36.78,36.78,36.78,32.03,32.03,32.03,32.03,32.03,27.35,27.35,27.35,27.35,27.35,22.82,22.82,22.82,22.82,22.82,18.53,18.53,18.53,18.53,18.53,14.6,14.6,14.6,14.6,14.6,11.13,11.13,11.13,11.13,11.13,8.18,8.18,8.18,8.18,8.18,5.9,5.9,5.9,5.9,5.9,4.22,4.22,4.22,4.22,4.22,3.04,3.04,3.04,3.04
2082,85.79,85.03,81.08,81.08,81.08,81.08,76.11,76.11,76.11,76.11,76.11,71.13,71.13,71.13,71.13,71.13,66.17,66.17,66.17,66.17,66.17,61.23,61.23,61.23,61.23,61.23,56.29,56.29,56.29,56.29,56.29,51.38,51.38,51.38,51.38,51.38,46.47,46.47,46.47,46.47,46.47,41.6,41.6,41.6,41.6,41.6,36.78,36.78,36.78,36.78,36.78,32.03,32.03,32.03,32.03,32.03,27.35,27.35,27.35,27.35,27.35,22.82,22.82,22.82,22.82,22.82,18.53,18.53,18.53,18.53,18.53,14.6,14.6,14.6,14.6,14.6,11.13,11.13,11.13,11.13,11.13,8.18,8.18,8.18,8.18,8.18,5.9,5.9,5.9,5.9,5.9,4.22,4.22,4.22,4.22,4.22,3.04,3.04,3.04,3.04
2083,85.79,85.03,81.08,81.08,81.08,81.08,76.11,76.11,76.11,76.11,76.11,71.13,71.13,71.13,71.13,71.13,66.17,66.17,66.17,66.17,66.17,61.23,61.23,61.23,61.23,61.23,56.29,56.29,56.29,56.29,56.29,51.38,51.38,51.38,51.38,51.38,46.47,46.47,46.47,46.47,46.47,41.6,41.6,41.6,41.6,41.6,36.78,36.78,36.78,36.78,36.78,32.03,32.03,32.03,32.03,32.03,27.35,27.35,27.35,27.35,27.35,22.82,22.82,22.82,22.82,22.82,18.53,18.53,18.53,18.53,18.53,14.6,14.6,14.6,14.6,14.6,11.13,11.13,11.13,11.13,11.13,8.18,8.18,8.18,8.18,8.18,5.9,5.9,5.9,5.9,5.9,4.22,4.22,4.22,4.22,4.22,3.04,3.04,3.04,3.04
2084,85.79,85.03,81.08,81.08,81.08,81.08,76.11,76.11,76.11,76.11,76.11,71.13,71.13,71.13,71.13,71.13,66.17,66.17,66.17,66.17,66.17,61.23,61.23,61.23,61.23,61.23,56.29,56.29,56.29,56.29,56.29,51.38,51.38,51.38,51.38,51.38,46.47,46.47,46.47,46.47,46.47,41.6,41.6,41.6,41.6,41.6,36.78,36.78,36.78,36.78,36.78,32.03,32.03,32.03,32.03,32.03,27.35,27.35,27.35,27.35,27.35,22.82,22.82,22.82,22.82,22.82,18.53,18.53,18.53,18.53,18.53,14.6,14.6,14.6,14.6,14.6,11.13,11.13,11.13,11.13,11.13,8.18,8.18,8.18,8.18,8.18,5.9,5.9,5.9,5.9,5.9,4.22,4.22,4.22,4.22,4.22,3.04,3.04,3.04,3.04
2085,86.33,85.56,81.6,81.6,81.6,81.6,76.63,76.63,76.63,76.63,76.63,71.65,71.65,71.65,71.65,71.65,66.69,66.69,66.69,66.69,66.69,61.74,61.74,61.74,61.74,61.74,56.8,56.8,56.8,56.8,56.8,51.88,51.88,51.88,51.88,51.88,46.97,46.97,46.97,46.97,46.97,42.09,42.09,42.09,42.09,42.09,37.26,37.26,37.26,37.26,37.26,32.5,32.5,32.5,32.5,32.5,27.8,27.8,27.8,27.8,27.8,23.24,23.24,23.24,23.24,23.24,18.91,18.91,18.91,18.91,18.91,14.94,14.94,14.94,14.94,14.94,11.4,11.4,11.4,11.4,11.4,8.39,8.39,8.39,8.39,8.39,6.05,6.05,6.05,6.05,6.05,4.31,4.31,4.31,4.31,4.31,3.08,3.08,3.08,3.08
2086,86.33,85.56,81.6,81.6,81.6,81.6,76.63,76.63,76.63,76.63,76.63,71.65,71.65,71.65,71.65,71.65,66.69,66.69,66.69,66.69,66.69,61.74,61.74,61.74,61.74,61.74,56.8,56.8,56.8,56.8,56.8,51.88,51.88,51.88,51.88,51.88,46.97,46.97,46.97,46.97,46.97,42.09,42.09,42.09,42.09,42.09,37.26,37.26,37.26,37.26,37.26,32.5,32.5,32.5,32.5,32.5,27.8,27.8,27.8,27.8,27.8,23.24,23.24,23.24,23.24,23.24,18.91,18.91,18.91,18.91,18.91,14.94,14.94,14.94,14.94,14.94,11.4,11.4,11.4,11.4,11.4,8.39,8.39,8.39,8.39,8.39,6.05,6.05,6.05,6.05,6.05,4.31,4.31,4.31,4.31,4.31,3.08,3.08,3.08,3.08
2087,86.33,85.56,81.6,81.6,81.6,81.6,76.63,76.63,76.63,76.63,76.63,71.65,71.65,71.65,71.65,71.65,66.69,66.69,66.69,66.69,66.69,61.74,61.74,61.74,61.74,61.74,56.8,56.8,56.8,56.8,56.8,51.88,51.88,51.88,51.88,51.88,46.97,46.97,46.97,46.97,46.97,42.09,42.09,42.09,42.09,42.09,37.26,37.26,37.26,37.26,37.26,32.5,32.5,32.5,32.5,32.5,27.8,27.8,27.8,27.8,27.8,23.24,23.24,23.24,23.24,23.24,18.91,18.91,18.91,18.91,18.91,14.94,14.94,14.94,14.94,14.94,11.4,11.4,11.4,11.4,11.4,8.39,8.39,8.39,8.39,8.39,6.05,6.05,6.05,6.05,6.05,4.31,4.31,4.31,4.31,4.31,3.08,3.08,3.08,3.08
2088,86.33,85.56,81.6,81.6,81.6,81.6,76.63,76.63,76.63,76.63,76.63,71.65,71.65,71.65,71.65,71.65,66.69,66.69,66.69,66.69,66.69,61.74,61.74,61.74,61.74,61.74,56.8,56.8,56.8,56.8,56.8,51.88,51.88,51.88,51.88,51.88,46.97,46.97,46.97,46.97,46.97,42.09,42.09,42.09,42.09,42.09,37.26,37.26,37.26,37.26,37.26,32.5,32.5,32.5,32.5,32.5,27.8,27.8,27.8,27.8,27.8,23.24,23.24,23.24,23.24,23.24,18.91,18.91,18.91,18.91,18.91,14.94,14.94,14.94,14.94,14.94,11.4,11.4,11.4,11.4,11.4,8.39,8.39,8.39,8.39,8.39,6.05,6.05,6.05,6.05,6.05,4.31,4.31,4.31,4.31,4.31,3.08,3.08,3.08,3.08
2089,86.33,85.56,81.6,81.6,81.6,81.6,76.63,76.63,76.63,76.63,76.63,71.65,71.65,71.65,71.65,71.65,66.69,66.69,66.69,66.69,66.69,61.74,61.74,61.74,61.74,61.74,56.8,56.8,56.8,56.8,56.8,51.88,51.88,51.88,51.88,51.88,46.97,46.97,46.97,46.97,46.97,42.09,42.09,42.09,42.09,42.09,37.26,37.26,37.26,37.26,37.26,32.5,32.5,32.5,32.5,32.5,27.8,27.8,27.8,27.8,27.8,23.24,23.24,23.24,23.24,23.24,18.91,18.91,18.91,18.91,18.91,14.94,14.94,14.94,14.94,14.94,11.4,11.4,11.4,11.4,11.4,8.39,8.39,8.39,8.39,8.39,6.05,6.05,6.05,6.05,6.05,4.31,4.31,4.31,4.31,4.31,3.08,3.08,3.08,3.08
2090,86.86,86.07,82.11,82.11,82.11,82.11,77.14,77.14,77.14,77.14,77.14,72.16,72.16,72.16,72.16,72.16,67.2,67.2,67.2,67.2,67.2,62.24,62.24,62.24,62.24,62.24,57.3,57.3,57.3,57.3,57.3,52.37,52.37,52.37,52.37,52.37,47.46,47.46,47.46,47.46,47.46,42.57,42.57,42.57,42.57,42.57,37.73,37.73,37.73,37.73,37.73,32.95,32.95,32.95,32.95,32.95,28.24,28.24,28.24,28.24,28.24,23.66,23.66,23.66,23.66,23.66,19.29,19.29,19.29,19.29,19.29,15.27,15.27,15.27,15.27,15.27,11.67,11.67,11.67,11.67,11.67,8.6,8.6,8.6,8.6,8.6,6.19,6.19,6.19,6.19,6.19,4.41,4.41,4.41,4.41,4.41,3.13,3.13,3.13,3.13
2091,86.86,86.07,82.11,82.11,82.11,82.11,77.14,77.14,77.14,77.14,77.14,72.16,72.16,72.16,72.16,72.16,67.2,67.2,67.2,67.2,67.2,62.24,62.24,62.24,62.24,62.24,57.3,57.3,57.3,57.3,57.3,52.37,52.37,52.37,52.37,52.37,47.46,47.46,47.46,47.46,47.46,42.57,42.57,42.57,42.57,42.57,37.73,37.73,37.73,37.73,37.73,32.95,32.95,32.95,32.95,32.95,28.24,28.24,28.24,28.24,28.24,23.66,23.66,23.66,23.66,23.66,19.29,19.29,19.29,19.29,19.29,15.27,15.27,15.27,15.27,15.27,11.67,11.67,11.67,11.67,11.67,8.6,8.6,8.6,8.6,8.6,6.19,6.19,6.19,6.19,6.19,4.41,4.41,4.41,4.41,4.41,3.13,3.13,3.13,3.13
2092,86.86,86.07,82.11,82.11,82.11,82.11,77.14,77.14,77.14,77.14,77.14,72.16,72.16,72.16,72.16,72.16,67.2,67.2,67.2,67.2,67.2,62.24,62.24,62.24,62.24,62.24,57.3,57.3,57.3,57.3,57.3,52.37,52.37,52.37,52.37,52.37,47.46,47.46,47.46,47.46,47.46,42.57,42.57,42.57,42.57,42.57,37.73,37.73,37.73,37.73,37.73,32.95,32.95,32.95,32.95,32.95,28.24,28.24,28.24,28.24,28.24,23.66,23.66,23.66,23.66,23.66,19.29,19.29,19.29,19.29,19.29,15.27,15.27,15.27,15.27,15.27,11.67,11.67,11.67,11.67,11.67,8.6,8.6,8.6,8.6,8.6,6.19,6.19,6.19,6.19,6.19,4.41,4.41,4.41,4.41,4.41,3.13,3.13,3.13,3.13
2093,86.86,86.07,82.11,82.11,82.11,82.11,77.14,77.14,77.14,77.14,77.14,72.16,72.16,72.16,72.16,72.16,67.2,67.2,67.2,67.2,67.2,62.24,62.24,62.24,62.24,62.24,57.3,57.3,57.3,57.3,57.3,52.37,52.37,52.37,52.37,52.37,47.46,47.46,47.46,47.46,47.46,42.57,42.57,42.57,42.57,42.57,37.73,37.73,37.73,37.73,37.73,32.95,32.95,32.95,32.95,32.95,28.24,28.24,28.24,28.24,28.24,23.66,23.66,23.66,23.66,23.66,19.29,19.29,19.29,19.29,19.29,15.27,15.27,15.27,15.27,15.27,11.67,11.67,11.67,11.67,11.67,8.6,8.6,8.6,8.6,8.6,6.19,6.19,6.19,6.19,6.19,4.41,4.41,4.41,4.41,4.41,3.13,3.13,3.13,3.13
2094,86.86,86.07,82.11,82.11,82.11,82.11,77.14,77.14,77.14,77.14,77.14,72.16,72.16,72.16,72.16,72.16,67.2,67.2,67.2,67.2,67.2,62.24,62.24,62.24,62.24,62.24,57.3,57.3,57.3,57.3,57.3,52.37,52.37,52.37,52.37,52.37,47.46,47.46,47.46,47.46,47.46,42.57,42.57,42.57,42.57,42.57,37.73,37.73,37.73,37.73,37.73,32.95,32.95,32.95,32.95,32.95,28.24,28.24,28.24,28.24,28.24,23.66,23.66,23.66,23.66,23.66,19.29,19.29,19.29,19.29,19.29,15.27,15.27,15.27,15.27,15.27,11.67,11.67,11.67,11.67,11.67,8.6,8.6,8.6,8.6,8.6,6.19,6.19,6.19,6.19,6.19,4.41,4.41,4.41,4.41,4.41,3.13,3.13,3.13,3.13
2095,87.4,86.61,82.64,82.64,82.64,82.64,77.67,77.67,77.67,77.67,77.67,72.69,72.69,72.69,72.69,72.69,67.72,67.72,67.72,67.72,67.72,62.77,62.77,62.77,62.77,62.77,57.82,57.82,57.82,57.82,57.82,52.89,52.89,52.89,52.89,52.89,47.97,47.97,47.97,47.97,47.97,43.07,43.07,43.07,43.07,43.07,38.22,38.22,38.22,38.22,38.22,33.43,33.43,33.43,33.43,33.43,28.7,28.7,28.7,28.7,28.7,24.09,24.09,24.09,24.09,24.09,19.69,19.69,19.69,19.69,19.69,15.62,15.62,15.62,15.62,15.62,11.96,11.96,11.96,11.96,11.96,8.83,8.83,8.83,8.83,8.83,6.36,6.36,6.36,6.36,6.36,4.51,4.51,4.51,4.51,4.51,3.18,3.18,3.18,3.18
2096,87.4,86.61,82.64,82.64,82.64,82.64,77.67,77.67,77.67,77.67,77.67,72.69,72.69,72.69,72.69,72.69,67.72,67.72,67.72,67.72,67.72,62.77,62.77,62.77,62.77,62.77,57.82,57.82,57.82,57.82,57.82,52.89,52.89,52.89,52.89,52.89,47.97,47.97,47.97,47.97,47.97,43.07,43.07,43.07,43.07,43.07,38.22,38.22,38.22,38.22,38.22,33.43,33.43,33.43,33.43,33.43,28.7,28.7,28.7,28.7,28.7,24.09,24.09,24.09,24.09,24.09,19.69,19.69,19.69,19.69,19.69,15.62,15.62,15.62,15.62,15.62,11.96,11.96,11.96,11.96,11.96,8.83,8.83,8.83,8.83,8.83,6.36,6.36,6.36,6.36,6.36,4.51,4.51,4.51,4.51,4.51,3.18,3.18,3.18,3.18
2097,87.4,86.61,82.64,82.64,82.64,82.64,77.67,77.67,77.67,77.67,77.67,72.69,72.69,72.69,72.69,72.69,67.72,67.72,67.72,67.72,67.72,62.77,62.77,62.77,62.77,62.77,57.82,57.82,57.82,57.82,57.82,52.89,52.89,52.89,52.89,52.89,47.97,47.97,47.97,47.97,47.97,43.07,43.07,43.07,43.07,43.07,38.22,38.22,38.22,38.22,38.22,33.43,33.43,33.43,33.43,33.43,28.7,28.7,28.7,28.7,28.7,24.09,24.09,24.09,24.09,24.09,19.69,19.69,19.69,19.69,19.69,15.62,15.62,15.62,15.62,15.62,11.96,11.96,11.96,11.96,11.96,8.83,8.83,8.83,8.83,8.83,6.36,6.36,6.36,6.36,6.36,4.51,4.51,4.51,4.51,4.51,3.18,3.18,3.18,3.18
2098,87.4,86.61,82.64,82.64,82.64,82.64,77.67,77.67,77.67,77.67,77.67,72.69,72.69,72.69,72.69,72.69,67.72,67.72,67.72,67.72,67.72,62.77,62.77,62.77,62.77,62.77,57.82,57.82,57.82,57.82,57.82,52.89,52.89,52.89,52.89,52.89,47.97,47.97,47.97,47.97,47.97,43.07,43.07,43.07,43.07,43.07,38.22,38.22,38.22,38.22,38.22,33.43,33.43,33.43,33.43,33.43,28.7,28.7,28.7,28.7,28.7,24.09,24.09,24.09,24.09,24.09,19.69,19.69,19.69,19.69,19.69,15.62,15.62,15.62,15.62,15.62,11.96,11.96,11.96,11.96,11.96,8.83,8.83,8.83,8.83,8.83,6.36,6.36,6.36,6.36,6.36,4.51,4.51,4.51,4.51,4.51,3.18,3.18,3.18,3.18
2099,87.4,86.61,82.64,82.64,82.64,82.64,77.67,77.67,77.67,77.67,77.67,72.69,72.69,72.69,72.69,72.69,67.72,67.72,67.72,67.72,67.72,62.77,62.77,62.77,62.77,62.77,57.82,57.82,57.82,57.82,57.82,52.89,52.89,52.89,52.89,52.89,47.97,47.97,47.97,47.97,47.97,43.07,43.07,43.07,43.07,43.07,38.22,38.22,38.22,38.22,38.22,33.43,33.43,33.43,33.43,33.43,28.7,28.7,28.7,28.7,28.7,24.09,24.09,24.09,24.09,24.09,19.69,19.69,19.69,19.69,19.69,15.62,15.62,15.62,15.62,15.62,11.96,11.96,11.96,11.96,11.96,8.83,8.83,8.83,8.83,8.83,6.36,6.36,6.36,6.36,6.36,4.51,4.51,4.51,4.51,4.51,3.18,3.18,3.18,3.18
